ep,tag,loss_data,loss_arrhenius,loss_peak_height,loss_tail_decline,loss_reg,loss_total
1,[Warmup theta] Ep 01,0.05743747782082767,0.01280913105956069,0.00325917304686225,2.8446834095154382e-21,0.0,0.057728527700329234
2,[Warmup theta] Ep 02,0.05313455325610063,0.012204013429246508,0.0023262499358068438,1.03636854691466e-16,0.0,0.053372905922629915
3,[Warmup theta] Ep 03,0.052985385493328166,0.011559773941297789,0.0021797621385136715,4.495306518351537e-21,0.0,0.053209971521036105
4,[Warmup theta] Ep 04,0.053581947237379045,0.011622309684753418,0.0023207292329870725,4.647015339024175e-24,0.0,0.05381420686702571
5,[Warmup theta] Ep 05,0.052766395603235275,0.011313544468836742,0.0022987012275570867,1.308191134701115e-22,0.0,0.05299446609779471
6,[Warmup theta] Ep 06,0.05291409939863123,0.011147888394089433,0.00230631454493169,3.422721237662172e-18,0.0,0.05314089387795796
7,[Warmup theta] Ep 07,0.05324170866672805,0.011276444873294315,0.00226783738663088,3.7661549307821977e-23,0.0,0.05346786502700484
8,[Warmup theta] Ep 08,0.05220787456228455,0.011123756030658344,0.002222673110332857,8.69606535624546e-24,0.0,0.05243024584145845
9,[Warmup theta] Ep 09,0.05329720836514523,0.011575847864151001,0.002301110875074251,2.759588152877898e-23,0.0,0.05352802228954461
10,[Warmup theta] Ep 10,0.05239689028072003,0.011111278523195971,0.0022659754219832625,1.2411184883859142e-22,0.0,0.05262130169803067
11,[Warmup theta] Ep 11,0.0521429836354638,0.010960771156860902,0.0022491960870214245,2.057543050003689e-17,0.0,0.05236505128040507
12,[Warmup theta] Ep 12,0.051766569601494596,0.011153664137866046,0.002133429820424488,3.2701191509380955e-24,0.0,0.051984777757064185
13,[Warmup theta] Ep 13,0.052327633216066774,0.011343278057940371,0.0024627995463785907,7.706648093190818e-23,0.0,0.05256420593217921
14,[Warmup theta] Ep 14,0.05223006730676872,0.01126645894737931,0.002244537897481478,1.3527811919743047e-14,0.0,0.05245495868242673
15,[Warmup theta] Ep 15,0.05245470248717555,0.011467722622123925,0.0023096350577518293,1.4010163308983087e-23,0.0,0.05268486141230332
16,[Warmup theta] Ep 16,0.052571113421403394,0.01119931646295496,0.002666505028948692,0.0,0.0,0.05281643178088481
17,[Warmup theta] Ep 17,0.05212992902683631,0.01124811628917316,0.0022613620862932315,1.851312125527816e-21,0.0,0.052355478380320106
18,[Warmup theta] Ep 18,0.05198681801305832,0.011103744979377266,0.0022932742546898834,0.0,0.0,0.052212519259695465
19,[Warmup theta] Ep 19,0.05256908848726501,0.011322764126030175,0.0022110920610806835,4.54991403800293e-25,0.0,0.052792870840225534
20,[Warmup theta] Ep 20,0.05232487022373322,0.011389573683609834,0.002228561371860135,4.0055952234311024e-17,0.0,0.05255019421812969
21,[Warmup theta] Ep 21,0.0525399348965997,0.011396373177433873,0.0022937045934690458,5.532594173080204e-24,0.0,0.05276858374877069
22,[Warmup theta] Ep 22,0.05219310784040162,0.010980600709313745,0.0022621340245090986,8.204943014316664e-24,0.0,0.05241602081317782
23,[Warmup theta] Ep 23,0.05261676966449716,0.011195577479697563,0.002238651245385683,0.0,0.0,0.052840658177218926
24,[Warmup theta] Ep 24,0.052172869270319236,0.0110582413974109,0.0021992781367973155,0.0,0.0,0.052393415778128616
25,[Warmup theta] Ep 25,0.052021129648851416,0.011302727299767572,0.002299481463243357,0.0,0.0,0.052249130996904834
26,[Alt1 theta] Ep 01,0.05198381960639512,0.01133573323756725,0.0022438624277894945,1.9950918549102165e-23,0.0,0.05220937000394606
27,[Alt1 theta] Ep 02,0.0523872266902152,0.011039431299175229,0.00229854505461216,0.0,0.0,0.052612548448598466
28,[Alt1 theta] Ep 03,0.051761413085891085,0.011129336045669005,0.0022973499952170058,0.0,0.0,0.05198757390351127
29,[Alt1 theta] Ep 04,0.051939571316161,0.010750740498035878,0.002485144817942885,5.999698722146589e-16,0.0,0.05217133613926283
30,[Alt1 theta] Ep 05,0.05178501623103748,0.0114404677270769,0.0021947362952803805,2.0542281375188842e-24,0.0,0.05200915780392484
31,[Alt1 theta] Ep 06,0.05235080106544669,0.011145863447103414,0.0022597016225985216,1.370000596736748e-17,0.0,0.052575244830485
32,[Alt1 theta] Ep 07,0.05224693767665592,0.011243802470129889,0.002195821756789405,0.0,0.0,0.05246916648602482
33,[Alt1 theta] Ep 08,0.052185856357535663,0.011193675500852568,0.0022168299120272983,0.0,0.0,0.05240863461995514
34,[Alt1 resid] Ep 01,0.05176794964155216,0.010921705681998451,0.0023480878576993707,2.928283706694804e-17,2.0988085610303692e-08,0.051994571301809234
35,[Alt1 resid] Ep 02,0.052146839182446336,0.011107561556068627,0.0022336419616840893,1.0154913930085378e-23,9.993725451589124e-08,0.05236959698618398
36,[Alt1 resid] Ep 03,0.05192953222829781,0.011065156341673018,0.002351455320225087,0.0,1.6498737818591435e-07,0.05215775637744783
37,[Alt1 resid] Ep 04,0.05199490810287193,0.011066133911545211,0.0022820405849633112,1.150542647578336e-15,1.9552879413273692e-07,0.052219671393096495
38,[Alt1 resid] Ep 05,0.0518104398863281,0.011006423213460424,0.0022773658506005157,7.463946487122668e-16,2.0691172063801755e-07,0.05203437216911331
39,[Alt1 resid] Ep 06,0.05152800816493025,0.011040169645000148,0.0021886821623521642,0.0,2.447313531488075e-07,0.051747844191079306
40,[Alt1 resid] Ep 07,0.05195095093222335,0.011012198420258256,0.0021959558241244005,0.0,2.4050908960900727e-07,0.05217087084557526
41,[Alt1 resid] Ep 08,0.0517640940408193,0.011093946727546485,0.0022730440403778748,4.687316131850016e-18,2.4195746088177356e-07,0.051988685916561785
42,[Alt2 theta] Ep 01,0.05211494539849678,0.010908128173501641,0.0024499579535468452,7.736970901762492e-22,2.4358314476558007e-07,0.052346524417501046
43,[Alt2 theta] Ep 02,0.0519171645571184,0.011079206123008384,0.0021846894705738924,1.4538877616291696e-24,2.4358314476558007e-07,0.05213719107072196
44,[Alt2 theta] Ep 03,0.05212654590214443,0.011017790248802116,0.0023723898854150667,4.485496833377771e-23,2.4358314476558007e-07,0.05235534326618051
45,[Alt2 theta] Ep 04,0.051998456995116196,0.011018693447113037,0.00220674359078307,9.671681238739545e-18,2.4358314476558007e-07,0.052218981321087224
46,[Alt2 theta] Ep 05,0.05225047161503745,0.011013737938425562,0.0022506982099945705,5.537093681038419e-22,2.4358314476558007e-07,0.05247314367050028
47,[Alt2 theta] Ep 06,0.05190694480788315,0.010832205012037948,0.0023993498775084147,0.0,2.4358314476558007e-07,0.05213523459901848
48,[Alt2 theta] Ep 07,0.051622648427141246,0.01141162793915551,0.0022871330400081593,1.3643353965710635e-18,2.4358314476558007e-07,0.05185112154304243
49,[Alt2 theta] Ep 08,0.052291729318624074,0.011128723621368408,0.0021796059909339523,1.6905152997431541e-22,2.4358314476558007e-07,0.052511996704967576
50,[Alt2 resid] Ep 01,0.051775734445818504,0.010563588894165313,0.0023623303060029068,0.0,2.421024682512489e-07,0.05199948682498002
51,[Alt2 resid] Ep 02,0.051692792572613874,0.010389830346580024,0.0023607809498090064,0.0,2.3075707837442842e-07,0.05191473023984833
52,[Alt2 resid] Ep 03,0.05206796686612867,0.010446590883237822,0.0024022767555457432,1.0556881437284927e-16,2.2127959102295494e-07,0.05229254652035993
53,[Alt2 resid] Ep 04,0.052046118253267264,0.010504112318829374,0.0023101549536008836,0.0,2.0733175804027498e-07,0.05226666710668806
54,[Alt2 resid] Ep 05,0.05170323636523356,0.010537965072167886,0.002412310230513187,1.2536990271910835e-24,2.1284496506831938e-07,0.051929231453582074
55,[Alt2 resid] Ep 06,0.051890311400334746,0.010553022494187226,0.0023137066314632706,1.0703926552376473e-24,2.1983575550934433e-07,0.05211152707967018
56,[Alt2 resid] Ep 07,0.05207410535034682,0.010597572938815967,0.0023928596476175167,0.0,2.0898770349110753e-07,0.052299723937385925
57,[Alt2 resid] Ep 08,0.051897631856263615,0.01031084774850725,0.002362809399359125,0.0,2.0611772152131232e-07,0.05211888079511564
58,[Alt3 theta] Ep 01,0.05185550666647032,0.010919863844777012,0.0023274922407504287,5.102879580349068e-12,2.153236985230472e-07,0.052081079820594706
59,[Alt3 theta] Ep 02,0.05195142292451147,0.01093192465670474,0.0024520552367847987,1.2405034008879113e-22,2.153236985230472e-07,0.05218334507295728
60,[Alt3 theta] Ep 03,0.052265055405777285,0.011116393246092237,0.002300613676334046,0.0,2.153236985230472e-07,0.05249124995132841
61,[Alt3 theta] Ep 04,0.0521692612065791,0.011143700765059874,0.0025577407973318062,2.748752321959588e-22,2.153236985230472e-07,0.052408585195358307
62,[Alt3 theta] Ep 05,0.0522062977831517,0.01082080924833143,0.002390389233132614,6.164032745723834e-18,2.153236985230472e-07,0.05243402510998888
63,[Alt3 theta] Ep 06,0.05183063126756466,0.011007491801236127,0.002345817873978682,0.0,2.153236985230472e-07,0.05205799716153509
64,[Alt3 theta] Ep 07,0.05219872646832939,0.011066462005580868,0.002278591934140349,0.0,2.153236985230472e-07,0.05242332078564727
65,[Alt3 theta] Ep 08,0.05186396054053041,0.011131670023943926,0.002282358302761776,2.1893541806879483e-22,2.153236985230472e-07,0.052089395227544175
66,[Alt3 resid] Ep 01,0.05197970805622046,0.010693710129540245,0.0022323274875033034,0.0,2.1386992584523198e-07,0.0521982617192243
67,[Alt3 resid] Ep 02,0.051907622822254126,0.010433471417641855,0.0023839940849816107,1.77025176583318e-23,2.2573989610918943e-07,0.05213115732804327
68,[Alt3 resid] Ep 03,0.05175967451954797,0.010761386907852447,0.0025271485024687362,0.0,2.058481092808711e-07,0.051993645666804804
69,[Alt3 resid] Ep 04,0.05173531540253657,0.010596095441697954,0.002379512280355754,1.7006847293961537e-23,2.2087261224394932e-07,0.05196025198509577
70,[Alt3 resid] Ep 05,0.05204802026619782,0.010616915451513755,0.002305676744757822,0.0,2.3269554726733954e-07,0.052269473283337684
71,[Alt3 resid] Ep 06,0.05202499648812017,0.010548982265833262,0.0022692801230973273,0.0,2.1742878264607958e-07,0.05224395030270423
72,[Alt3 resid] Ep 07,0.05168195410688232,0.010438461561460752,0.0023308010882390606,2.5459472388178104e-13,2.245359237559438e-07,0.05190287863674179
73,[Alt3 resid] Ep 08,0.05160879205203372,0.010466125634339478,0.0022735708504525334,1.420747197931263e-17,2.1081338441486418e-07,0.05182713180044163
74,[Alt4 theta] Ep 01,0.052138568041112006,0.010982108545732928,0.0022744164998501036,2.91080479461826e-23,2.132684121155156e-07,0.05236210991410321
75,[Alt4 theta] Ep 02,0.05210416846193357,0.01069859797890122,0.002350390672893303,2.4857577851159887e-13,2.132684121155156e-07,0.05232867411639843
76,[Alt4 theta] Ep 03,0.05202352318667328,0.010990332107286196,0.002203163900238811,1.1584045889049005e-22,2.132684121155156e-07,0.0522435849311191
77,[Alt4 theta] Ep 04,0.05159286819796942,0.011187617037747358,0.002285541200096334,0.0,2.132684121155156e-07,0.05181902162793621
78,[Alt4 theta] Ep 05,0.0520086850649006,0.01092007353499129,0.002463331972112346,0.0,2.132684121155156e-07,0.05224105252659888
79,[Alt4 theta] Ep 06,0.052162219250710004,0.010797757823188026,0.0024020095011724764,0.0,2.132684121155156e-07,0.05239029720948426
80,[Alt4 theta] Ep 07,0.05207301170443528,0.011100457326785938,0.002260976033622367,1.5690341634682297e-24,2.132684121155156e-07,0.052297065048667324
81,[Alt4 theta] Ep 08,0.05192438371716537,0.010845408246323868,0.002417356695619051,1.9252186653935755e-21,2.132684121155156e-07,0.05215370562084875
82,[Alt4 resid] Ep 01,0.051843263808772105,0.010384445523356533,0.002270428953557071,0.0,2.1265308082609015e-07,0.052060629758744724
83,[Alt4 resid] Ep 02,0.05200911984256645,0.010450765356287226,0.0023001821921315884,7.014198948381862e-17,2.0989919712243088e-07,0.05222863687552629
84,[Alt4 resid] Ep 03,0.05180986612633517,0.010469046530422863,0.002300363107763565,5.673346481450274e-19,2.0604719746624806e-07,0.05202957480447891
85,[Alt4 resid] Ep 04,0.05184126026385153,0.010630047804600484,0.0023674272900255323,3.418906403722813e-16,2.0395602256933892e-07,0.05206593217866743
86,[Alt4 resid] Ep 05,0.051831361051619486,0.010574277456816251,0.0023405128064059545,0.0,2.179927735101005e-07,0.052054129406151166
87,[Alt4 resid] Ep 06,0.05184707277599168,0.010533333093196422,0.0023806587106349753,0.0,2.0031062095913431e-07,0.05207143913454225
88,[Alt4 resid] Ep 07,0.05166997635492694,0.010557217372430337,0.002461742070704941,0.0,2.272753207734781e-07,0.05189863546213412
89,[Alt4 resid] Ep 08,0.05224832266751102,0.010450180586393888,0.002418490928239141,0.0,2.1247933507557054e-07,0.05247374907160086
90,[Joint] Ep 01,0.05194263104171081,0.011000139487756265,0.002313014968765944,3.335914139397485e-16,2.174393816392342e-07,0.052168283176289555
91,[Joint] Ep 02,0.051883107859343455,0.010857390927838849,0.00232647555012075,5.747587225600357e-24,2.116148343723146e-07,0.052108005524050816
92,[Joint] Ep 03,0.05221528159601295,0.011024228892884813,0.0023018933106725256,1.0471216836473638e-17,2.2563873133893484e-07,0.052440618639413336
93,[Joint] Ep 04,0.05185278243991454,0.01103248870050585,0.0023261886711277964,0.0,2.2746046177310638e-07,0.052079417076284856
94,[Joint] Ep 05,0.05173801723605458,0.010989146189646679,0.002395158480163724,0.0,2.2948078006814834e-07,0.051967666646453074
95,[Joint] Ep 06,0.05194231896055023,0.010747772616309088,0.002285223327584726,2.0271907028544783e-17,2.334732731630358e-07,0.05216405802639201
96,[Joint] Ep 07,0.05182073713355773,0.011114853996414322,0.002296122672446329,2.1846104936512432e-15,2.3367851650487733e-07,0.05204669181110656
97,[Joint] Ep 08,0.051926792669529515,0.010847713764723356,0.0022565066578027473,7.026784652355368e-19,2.3806098323473077e-07,0.05214809525657345
98,[Joint] Ep 09,0.05166894642464179,0.01098012333517676,0.002208541647798813,3.2701191509380955e-24,2.350076738136178e-07,0.0518891749439996
99,[Joint] Ep 10,0.05182857740500539,0.011048798088554863,0.002217250917956724,5.794551325782949e-15,2.350245248146928e-07,0.05204992803172334
100,[Joint] Ep 11,0.051992282188531046,0.010973590182828473,0.002203690091478821,7.331087580046111e-23,2.4103640558567694e-07,0.05221220250356825
101,[Joint] Ep 12,0.05171314148370781,0.010872187915149037,0.002360950381614657,0.0,2.4016014668040134e-07,0.051939910776422335
102,[Joint] Ep 13,0.05167386725572198,0.01097192930745649,0.002253536878330654,4.0947246940771215e-22,2.435832105707992e-07,0.051896263374359694
103,[Joint] Ep 14,0.05164895461230363,0.010853004885149432,0.002318977687509334,9.400696916910898e-18,2.379207271557076e-07,0.05187343356675712
104,[Joint] Ep 15,0.05206522492897437,0.011109773640160088,0.0023301573964190866,5.735158712089003e-22,2.337610905965858e-07,0.05229283056561709
105,[Joint] Ep 16,0.051737338489630504,0.010732646461005683,0.002349374053771093,0.0,2.382835673400321e-07,0.05196213381268453
106,[Joint] Ep 17,0.05186469953660308,0.010983999785002287,0.002301310010563099,0.0,2.353125185396567e-07,0.05208960521508948
107,[Joint] Ep 18,0.05183525946198937,0.011039491709288175,0.0022808688136465535,9.84583530508101e-23,2.381805751946894e-07,0.05205969768733642
108,[Joint] Ep 19,0.05219328670258013,0.010935260100407643,0.0023306102601388483,6.708196020816431e-17,2.3477397112278471e-07,0.052419169504679994
109,[Joint] Ep 20,0.05233355817491994,0.01114392522219065,0.0021887144756657347,9.553814396533062e-22,2.4445583911479795e-07,0.05255443331898769
